"legal_dong_code","city_name","district_name","legal_dong_name","legal_dong_full_name","source","source_updated_at"
"1111010100","서울특별시","종로구","청운동","서울특별시 종로구 청운동","https://www.code.go.kr/stdcode/regCodeL.do?menuNo=101010100010","2026-07-08"
"1111010200","서울특별시","종로구","신교동","서울특별시 종로구 신교동","https://www.code.go.kr/stdcode/regCodeL.do?menuNo=101010100010","2026-07-08"
"1111010300","서울특별시","종로구","궁정동","서울특별시 종로구 궁정동","https://www.code.go.kr/stdcode/regCodeL.do?menuNo=101010100010","2026-07-08"
"1111010400","서울특별시","종로구","효자동","서울특별시 종로구 효자동","https://www.code.go.kr/stdcode/regCodeL.do?menuNo=101010100010","2026-07-08"
"1111010500","서울특별시","종로구","창성동","서울특별시 종로구 창성동","https://www.code.go.kr/stdcode/regCodeL.do?menuNo=101010100010","2026-07-08"
"1111010600","서울특별시","종로구","통의동","서울특별시 종로구 통의동","https://www.code.go.kr/stdcode/regCodeL.do?menuNo=101010100010","2026-07-08"
"1111010700","서울특별시","종로구","적선동","서울특별시 종로구 적선동","https://www.code.go.kr/stdcode/regCodeL.do?menuNo=101010100010","2026-07-08"
"1111010800","서울특별시","종로구","통인동","서울특별시 종로구 통인동","https://www.code.go.kr/stdcode/regCodeL.do?menuNo=101010100010","2026-07-08"
"1111010900","서울특별시","종로구","누상동","서울특별시 종로구 누상동","https://www.code.go.kr/stdcode/regCodeL.do?menuNo=101010100010","2026-07-08"
"1111011000","서울특별시","종로구","누하동","서울특별시 종로구 누하동","https://www.code.go.kr/stdcode/regCodeL.do?menuNo=101010100010","2026-07-08"
"1111011100","서울특별시","종로구","옥인동","서울특별시 종로구 옥인동","https://www.code.go.kr/stdcode/regCodeL.do?menuNo=101010100010","2026-07-08"
"1111011200","서울특별시","종로구","체부동","서울특별시 종로구 체부동","https://www.code.go.kr/stdcode/regCodeL.do?menuNo=101010100010","2026-07-08"
"1111011300","서울특별시","종로구","필운동","서울특별시 종로구 필운동","https://www.code.go.kr/stdcode/regCodeL.do?menuNo=101010100010","2026-07-08"
"1111011400","서울특별시","종로구","내자동","서울특별시 종로구 내자동","https://www.code.go.kr/stdcode/regCodeL.do?menuNo=101010100010","2026-07-08"
"1111011500","서울특별시","종로구","사직동","서울특별시 종로구 사직동","https://www.code.go.kr/stdcode/regCodeL.do?menuNo=101010100010","2026-07-08"
"1111011600","서울특별시","종로구","도렴동","서울특별시 종로구 도렴동","https://www.code.go.kr/stdcode/regCodeL.do?menuNo=101010100010","2026-07-08"
"1111011700","서울특별시","종로구","당주동","서울특별시 종로구 당주동","https://www.code.go.kr/stdcode/regCodeL.do?menuNo=101010100010","2026-07-08"
"1111011800","서울특별시","종로구","내수동","서울특별시 종로구 내수동","https://www.code.go.kr/stdcode/regCodeL.do?menuNo=101010100010","2026-07-08"
"1111011900","서울특별시","종로구","세종로","서울특별시 종로구 세종로","https://www.code.go.kr/stdcode/regCodeL.do?menuNo=101010100010","2026-07-08"
"1111012000","서울특별시","종로구","신문로1가","서울특별시 종로구 신문로1가","https://www.code.go.kr/stdcode/regCodeL.do?menuNo=101010100010","2026-07-08"
"1111012100","서울특별시","종로구","신문로2가","서울특별시 종로구 신문로2가","https://www.code.go.kr/stdcode/regCodeL.do?menuNo=101010100010","2026-07-08"
"1111012200","서울특별시","종로구","청진동","서울특별시 종로구 청진동","https://www.code.go.kr/stdcode/regCodeL.do?menuNo=101010100010","2026-07-08"
"1111012300","서울특별시","종로구","서린동","서울특별시 종로구 서린동","https://www.code.go.kr/stdcode/regCodeL.do?menuNo=101010100010","2026-07-08"
"1111012400","서울특별시","종로구","수송동","서울특별시 종로구 수송동","https://www.code.go.kr/stdcode/regCodeL.do?menuNo=101010100010","2026-07-08"
"1111012500","서울특별시","종로구","중학동","서울특별시 종로구 중학동","https://www.code.go.kr/stdcode/regCodeL.do?menuNo=101010100010","2026-07-08"
"1111012600","서울특별시","종로구","종로1가","서울특별시 종로구 종로1가","https://www.code.go.kr/stdcode/regCodeL.do?menuNo=101010100010","2026-07-08"
"1111012700","서울특별시","종로구","공평동","서울특별시 종로구 공평동","https://www.code.go.kr/stdcode/regCodeL.do?menuNo=101010100010","2026-07-08"
"1111012800","서울특별시","종로구","관훈동","서울특별시 종로구 관훈동","https://www.code.go.kr/stdcode/regCodeL.do?menuNo=101010100010","2026-07-08"
"1111012900","서울특별시","종로구","견지동","서울특별시 종로구 견지동","https://www.code.go.kr/stdcode/regCodeL.do?menuNo=101010100010","2026-07-08"
"1111013000","서울특별시","종로구","와룡동","서울특별시 종로구 와룡동","https://www.code.go.kr/stdcode/regCodeL.do?menuNo=101010100010","2026-07-08"
"1111013100","서울특별시","종로구","권농동","서울특별시 종로구 권농동","https://www.code.go.kr/stdcode/regCodeL.do?menuNo=101010100010","2026-07-08"
"1111013200","서울특별시","종로구","운니동","서울특별시 종로구 운니동","https://www.code.go.kr/stdcode/regCodeL.do?menuNo=101010100010","2026-07-08"
"1111013300","서울특별시","종로구","익선동","서울특별시 종로구 익선동","https://www.code.go.kr/stdcode/regCodeL.do?menuNo=101010100010","2026-07-08"
"1111013400","서울특별시","종로구","경운동","서울특별시 종로구 경운동","https://www.code.go.kr/stdcode/regCodeL.do?menuNo=101010100010","2026-07-08"
"1111013500","서울특별시","종로구","관철동","서울특별시 종로구 관철동","https://www.code.go.kr/stdcode/regCodeL.do?menuNo=101010100010","2026-07-08"
"1111013600","서울특별시","종로구","인사동","서울특별시 종로구 인사동","https://www.code.go.kr/stdcode/regCodeL.do?menuNo=101010100010","2026-07-08"
"1111013700","서울특별시","종로구","낙원동","서울특별시 종로구 낙원동","https://www.code.go.kr/stdcode/regCodeL.do?menuNo=101010100010","2026-07-08"
"1111013800","서울특별시","종로구","종로2가","서울특별시 종로구 종로2가","https://www.code.go.kr/stdcode/regCodeL.do?menuNo=101010100010","2026-07-08"
"1111013900","서울특별시","종로구","팔판동","서울특별시 종로구 팔판동","https://www.code.go.kr/stdcode/regCodeL.do?menuNo=101010100010","2026-07-08"
"1111014000","서울특별시","종로구","삼청동","서울특별시 종로구 삼청동","https://www.code.go.kr/stdcode/regCodeL.do?menuNo=101010100010","2026-07-08"
"1111014100","서울특별시","종로구","안국동","서울특별시 종로구 안국동","https://www.code.go.kr/stdcode/regCodeL.do?menuNo=101010100010","2026-07-08"
"1111014200","서울특별시","종로구","소격동","서울특별시 종로구 소격동","https://www.code.go.kr/stdcode/regCodeL.do?menuNo=101010100010","2026-07-08"
"1111014300","서울특별시","종로구","화동","서울특별시 종로구 화동","https://www.code.go.kr/stdcode/regCodeL.do?menuNo=101010100010","2026-07-08"
"1111014400","서울특별시","종로구","사간동","서울특별시 종로구 사간동","https://www.code.go.kr/stdcode/regCodeL.do?menuNo=101010100010","2026-07-08"
"1111014500","서울특별시","종로구","송현동","서울특별시 종로구 송현동","https://www.code.go.kr/stdcode/regCodeL.do?menuNo=101010100010","2026-07-08"
"1111014600","서울특별시","종로구","가회동","서울특별시 종로구 가회동","https://www.code.go.kr/stdcode/regCodeL.do?menuNo=101010100010","2026-07-08"
"1111014700","서울특별시","종로구","재동","서울특별시 종로구 재동","https://www.code.go.kr/stdcode/regCodeL.do?menuNo=101010100010","2026-07-08"
"1111014800","서울특별시","종로구","계동","서울특별시 종로구 계동","https://www.code.go.kr/stdcode/regCodeL.do?menuNo=101010100010","2026-07-08"
"1111014900","서울특별시","종로구","원서동","서울특별시 종로구 원서동","https://www.code.go.kr/stdcode/regCodeL.do?menuNo=101010100010","2026-07-08"
"1111015000","서울특별시","종로구","훈정동","서울특별시 종로구 훈정동","https://www.code.go.kr/stdcode/regCodeL.do?menuNo=101010100010","2026-07-08"
"1111015100","서울특별시","종로구","묘동","서울특별시 종로구 묘동","https://www.code.go.kr/stdcode/regCodeL.do?menuNo=101010100010","2026-07-08"
"1111015200","서울특별시","종로구","봉익동","서울특별시 종로구 봉익동","https://www.code.go.kr/stdcode/regCodeL.do?menuNo=101010100010","2026-07-08"
"1111015300","서울특별시","종로구","돈의동","서울특별시 종로구 돈의동","https://www.code.go.kr/stdcode/regCodeL.do?menuNo=101010100010","2026-07-08"
"1111015400","서울특별시","종로구","장사동","서울특별시 종로구 장사동","https://www.code.go.kr/stdcode/regCodeL.do?menuNo=101010100010","2026-07-08"
"1111015500","서울특별시","종로구","관수동","서울특별시 종로구 관수동","https://www.code.go.kr/stdcode/regCodeL.do?menuNo=101010100010","2026-07-08"
"1111015600","서울특별시","종로구","종로3가","서울특별시 종로구 종로3가","https://www.code.go.kr/stdcode/regCodeL.do?menuNo=101010100010","2026-07-08"
"1111015700","서울특별시","종로구","인의동","서울특별시 종로구 인의동","https://www.code.go.kr/stdcode/regCodeL.do?menuNo=101010100010","2026-07-08"
"1111015800","서울특별시","종로구","예지동","서울특별시 종로구 예지동","https://www.code.go.kr/stdcode/regCodeL.do?menuNo=101010100010","2026-07-08"
"1111015900","서울특별시","종로구","원남동","서울특별시 종로구 원남동","https://www.code.go.kr/stdcode/regCodeL.do?menuNo=101010100010","2026-07-08"
"1111016000","서울특별시","종로구","연지동","서울특별시 종로구 연지동","https://www.code.go.kr/stdcode/regCodeL.do?menuNo=101010100010","2026-07-08"
"1111016100","서울특별시","종로구","종로4가","서울특별시 종로구 종로4가","https://www.code.go.kr/stdcode/regCodeL.do?menuNo=101010100010","2026-07-08"
"1111016200","서울특별시","종로구","효제동","서울특별시 종로구 효제동","https://www.code.go.kr/stdcode/regCodeL.do?menuNo=101010100010","2026-07-08"
"1111016300","서울특별시","종로구","종로5가","서울특별시 종로구 종로5가","https://www.code.go.kr/stdcode/regCodeL.do?menuNo=101010100010","2026-07-08"
"1111016400","서울특별시","종로구","종로6가","서울특별시 종로구 종로6가","https://www.code.go.kr/stdcode/regCodeL.do?menuNo=101010100010","2026-07-08"
"1111016500","서울특별시","종로구","이화동","서울특별시 종로구 이화동","https://www.code.go.kr/stdcode/regCodeL.do?menuNo=101010100010","2026-07-08"
"1111016600","서울특별시","종로구","연건동","서울특별시 종로구 연건동","https://www.code.go.kr/stdcode/regCodeL.do?menuNo=101010100010","2026-07-08"
"1111016700","서울특별시","종로구","충신동","서울특별시 종로구 충신동","https://www.code.go.kr/stdcode/regCodeL.do?menuNo=101010100010","2026-07-08"
"1111016800","서울특별시","종로구","동숭동","서울특별시 종로구 동숭동","https://www.code.go.kr/stdcode/regCodeL.do?menuNo=101010100010","2026-07-08"
"1111016900","서울특별시","종로구","혜화동","서울특별시 종로구 혜화동","https://www.code.go.kr/stdcode/regCodeL.do?menuNo=101010100010","2026-07-08"
"1111017000","서울특별시","종로구","명륜1가","서울특별시 종로구 명륜1가","https://www.code.go.kr/stdcode/regCodeL.do?menuNo=101010100010","2026-07-08"
"1111017100","서울특별시","종로구","명륜2가","서울특별시 종로구 명륜2가","https://www.code.go.kr/stdcode/regCodeL.do?menuNo=101010100010","2026-07-08"
"1111017200","서울특별시","종로구","명륜4가","서울특별시 종로구 명륜4가","https://www.code.go.kr/stdcode/regCodeL.do?menuNo=101010100010","2026-07-08"
"1111017300","서울특별시","종로구","명륜3가","서울특별시 종로구 명륜3가","https://www.code.go.kr/stdcode/regCodeL.do?menuNo=101010100010","2026-07-08"
"1111017400","서울특별시","종로구","창신동","서울특별시 종로구 창신동","https://www.code.go.kr/stdcode/regCodeL.do?menuNo=101010100010","2026-07-08"
"1111017500","서울특별시","종로구","숭인동","서울특별시 종로구 숭인동","https://www.code.go.kr/stdcode/regCodeL.do?menuNo=101010100010","2026-07-08"
"1111017600","서울특별시","종로구","교남동","서울특별시 종로구 교남동","https://www.code.go.kr/stdcode/regCodeL.do?menuNo=101010100010","2026-07-08"
"1111017700","서울특별시","종로구","평동","서울특별시 종로구 평동","https://www.code.go.kr/stdcode/regCodeL.do?menuNo=101010100010","2026-07-08"
"1111017800","서울특별시","종로구","송월동","서울특별시 종로구 송월동","https://www.code.go.kr/stdcode/regCodeL.do?menuNo=101010100010","2026-07-08"
"1111017900","서울특별시","종로구","홍파동","서울특별시 종로구 홍파동","https://www.code.go.kr/stdcode/regCodeL.do?menuNo=101010100010","2026-07-08"
"1111018000","서울특별시","종로구","교북동","서울특별시 종로구 교북동","https://www.code.go.kr/stdcode/regCodeL.do?menuNo=101010100010","2026-07-08"
"1111018100","서울특별시","종로구","행촌동","서울특별시 종로구 행촌동","https://www.code.go.kr/stdcode/regCodeL.do?menuNo=101010100010","2026-07-08"
"1111018200","서울특별시","종로구","구기동","서울특별시 종로구 구기동","https://www.code.go.kr/stdcode/regCodeL.do?menuNo=101010100010","2026-07-08"
"1111018300","서울특별시","종로구","평창동","서울특별시 종로구 평창동","https://www.code.go.kr/stdcode/regCodeL.do?menuNo=101010100010","2026-07-08"
"1111018400","서울특별시","종로구","부암동","서울특별시 종로구 부암동","https://www.code.go.kr/stdcode/regCodeL.do?menuNo=101010100010","2026-07-08"
"1111018500","서울특별시","종로구","홍지동","서울특별시 종로구 홍지동","https://www.code.go.kr/stdcode/regCodeL.do?menuNo=101010100010","2026-07-08"
"1111018600","서울특별시","종로구","신영동","서울특별시 종로구 신영동","https://www.code.go.kr/stdcode/regCodeL.do?menuNo=101010100010","2026-07-08"
"1111018700","서울특별시","종로구","무악동","서울특별시 종로구 무악동","https://www.code.go.kr/stdcode/regCodeL.do?menuNo=101010100010","2026-07-08"
"1114010100","서울특별시","중구","무교동","서울특별시 중구 무교동","https://www.code.go.kr/stdcode/regCodeL.do?menuNo=101010100010","2026-07-08"
"1114010200","서울특별시","중구","다동","서울특별시 중구 다동","https://www.code.go.kr/stdcode/regCodeL.do?menuNo=101010100010","2026-07-08"
"1114010300","서울특별시","중구","태평로1가","서울특별시 중구 태평로1가","https://www.code.go.kr/stdcode/regCodeL.do?menuNo=101010100010","2026-07-08"
"1114010400","서울특별시","중구","을지로1가","서울특별시 중구 을지로1가","https://www.code.go.kr/stdcode/regCodeL.do?menuNo=101010100010","2026-07-08"
"1114010500","서울특별시","중구","을지로2가","서울특별시 중구 을지로2가","https://www.code.go.kr/stdcode/regCodeL.do?menuNo=101010100010","2026-07-08"
"1114010600","서울특별시","중구","남대문로1가","서울특별시 중구 남대문로1가","https://www.code.go.kr/stdcode/regCodeL.do?menuNo=101010100010","2026-07-08"
"1114010700","서울특별시","중구","삼각동","서울특별시 중구 삼각동","https://www.code.go.kr/stdcode/regCodeL.do?menuNo=101010100010","2026-07-08"
"1114010800","서울특별시","중구","수하동","서울특별시 중구 수하동","https://www.code.go.kr/stdcode/regCodeL.do?menuNo=101010100010","2026-07-08"
"1114010900","서울특별시","중구","장교동","서울특별시 중구 장교동","https://www.code.go.kr/stdcode/regCodeL.do?menuNo=101010100010","2026-07-08"
"1114011000","서울특별시","중구","수표동","서울특별시 중구 수표동","https://www.code.go.kr/stdcode/regCodeL.do?menuNo=101010100010","2026-07-08"
"1114011100","서울특별시","중구","소공동","서울특별시 중구 소공동","https://www.code.go.kr/stdcode/regCodeL.do?menuNo=101010100010","2026-07-08"
"1114011200","서울특별시","중구","남창동","서울특별시 중구 남창동","https://www.code.go.kr/stdcode/regCodeL.do?menuNo=101010100010","2026-07-08"
"1114011300","서울특별시","중구","북창동","서울특별시 중구 북창동","https://www.code.go.kr/stdcode/regCodeL.do?menuNo=101010100010","2026-07-08"
"1114011400","서울특별시","중구","태평로2가","서울특별시 중구 태평로2가","https://www.code.go.kr/stdcode/regCodeL.do?menuNo=101010100010","2026-07-08"
"1114011500","서울특별시","중구","남대문로2가","서울특별시 중구 남대문로2가","https://www.code.go.kr/stdcode/regCodeL.do?menuNo=101010100010","2026-07-08"
"1114011600","서울특별시","중구","남대문로3가","서울특별시 중구 남대문로3가","https://www.code.go.kr/stdcode/regCodeL.do?menuNo=101010100010","2026-07-08"
"1114011700","서울특별시","중구","남대문로4가","서울특별시 중구 남대문로4가","https://www.code.go.kr/stdcode/regCodeL.do?menuNo=101010100010","2026-07-08"
"1114011800","서울특별시","중구","남대문로5가","서울특별시 중구 남대문로5가","https://www.code.go.kr/stdcode/regCodeL.do?menuNo=101010100010","2026-07-08"
"1114011900","서울특별시","중구","봉래동1가","서울특별시 중구 봉래동1가","https://www.code.go.kr/stdcode/regCodeL.do?menuNo=101010100010","2026-07-08"
"1114012000","서울특별시","중구","봉래동2가","서울특별시 중구 봉래동2가","https://www.code.go.kr/stdcode/regCodeL.do?menuNo=101010100010","2026-07-08"
"1114012100","서울특별시","중구","회현동1가","서울특별시 중구 회현동1가","https://www.code.go.kr/stdcode/regCodeL.do?menuNo=101010100010","2026-07-08"
"1114012200","서울특별시","중구","회현동2가","서울특별시 중구 회현동2가","https://www.code.go.kr/stdcode/regCodeL.do?menuNo=101010100010","2026-07-08"
"1114012300","서울특별시","중구","회현동3가","서울특별시 중구 회현동3가","https://www.code.go.kr/stdcode/regCodeL.do?menuNo=101010100010","2026-07-08"
"1114012400","서울특별시","중구","충무로1가","서울특별시 중구 충무로1가","https://www.code.go.kr/stdcode/regCodeL.do?menuNo=101010100010","2026-07-08"
"1114012500","서울특별시","중구","충무로2가","서울특별시 중구 충무로2가","https://www.code.go.kr/stdcode/regCodeL.do?menuNo=101010100010","2026-07-08"
"1114012600","서울특별시","중구","명동1가","서울특별시 중구 명동1가","https://www.code.go.kr/stdcode/regCodeL.do?menuNo=101010100010","2026-07-08"
"1114012700","서울특별시","중구","명동2가","서울특별시 중구 명동2가","https://www.code.go.kr/stdcode/regCodeL.do?menuNo=101010100010","2026-07-08"
"1114012800","서울특별시","중구","남산동1가","서울특별시 중구 남산동1가","https://www.code.go.kr/stdcode/regCodeL.do?menuNo=101010100010","2026-07-08"
"1114012900","서울특별시","중구","남산동2가","서울특별시 중구 남산동2가","https://www.code.go.kr/stdcode/regCodeL.do?menuNo=101010100010","2026-07-08"
"1114013000","서울특별시","중구","남산동3가","서울특별시 중구 남산동3가","https://www.code.go.kr/stdcode/regCodeL.do?menuNo=101010100010","2026-07-08"
"1114013100","서울특별시","중구","저동1가","서울특별시 중구 저동1가","https://www.code.go.kr/stdcode/regCodeL.do?menuNo=101010100010","2026-07-08"
"1114013200","서울특별시","중구","충무로4가","서울특별시 중구 충무로4가","https://www.code.go.kr/stdcode/regCodeL.do?menuNo=101010100010","2026-07-08"
"1114013300","서울특별시","중구","충무로5가","서울특별시 중구 충무로5가","https://www.code.go.kr/stdcode/regCodeL.do?menuNo=101010100010","2026-07-08"
"1114013400","서울특별시","중구","인현동2가","서울특별시 중구 인현동2가","https://www.code.go.kr/stdcode/regCodeL.do?menuNo=101010100010","2026-07-08"
"1114013500","서울특별시","중구","예관동","서울특별시 중구 예관동","https://www.code.go.kr/stdcode/regCodeL.do?menuNo=101010100010","2026-07-08"
"1114013600","서울특별시","중구","묵정동","서울특별시 중구 묵정동","https://www.code.go.kr/stdcode/regCodeL.do?menuNo=101010100010","2026-07-08"
"1114013700","서울특별시","중구","필동1가","서울특별시 중구 필동1가","https://www.code.go.kr/stdcode/regCodeL.do?menuNo=101010100010","2026-07-08"
"1114013800","서울특별시","중구","필동2가","서울특별시 중구 필동2가","https://www.code.go.kr/stdcode/regCodeL.do?menuNo=101010100010","2026-07-08"
"1114013900","서울특별시","중구","필동3가","서울특별시 중구 필동3가","https://www.code.go.kr/stdcode/regCodeL.do?menuNo=101010100010","2026-07-08"
"1114014000","서울특별시","중구","남학동","서울특별시 중구 남학동","https://www.code.go.kr/stdcode/regCodeL.do?menuNo=101010100010","2026-07-08"
"1114014100","서울특별시","중구","주자동","서울특별시 중구 주자동","https://www.code.go.kr/stdcode/regCodeL.do?menuNo=101010100010","2026-07-08"
"1114014200","서울특별시","중구","예장동","서울특별시 중구 예장동","https://www.code.go.kr/stdcode/regCodeL.do?menuNo=101010100010","2026-07-08"
"1114014300","서울특별시","중구","장충동1가","서울특별시 중구 장충동1가","https://www.code.go.kr/stdcode/regCodeL.do?menuNo=101010100010","2026-07-08"
"1114014400","서울특별시","중구","장충동2가","서울특별시 중구 장충동2가","https://www.code.go.kr/stdcode/regCodeL.do?menuNo=101010100010","2026-07-08"
"1114014500","서울특별시","중구","광희동1가","서울특별시 중구 광희동1가","https://www.code.go.kr/stdcode/regCodeL.do?menuNo=101010100010","2026-07-08"
"1114014600","서울특별시","중구","광희동2가","서울특별시 중구 광희동2가","https://www.code.go.kr/stdcode/regCodeL.do?menuNo=101010100010","2026-07-08"
"1114014700","서울특별시","중구","쌍림동","서울특별시 중구 쌍림동","https://www.code.go.kr/stdcode/regCodeL.do?menuNo=101010100010","2026-07-08"
"1114014800","서울특별시","중구","을지로6가","서울특별시 중구 을지로6가","https://www.code.go.kr/stdcode/regCodeL.do?menuNo=101010100010","2026-07-08"
"1114014900","서울특별시","중구","을지로7가","서울특별시 중구 을지로7가","https://www.code.go.kr/stdcode/regCodeL.do?menuNo=101010100010","2026-07-08"
"1114015000","서울특별시","중구","을지로4가","서울특별시 중구 을지로4가","https://www.code.go.kr/stdcode/regCodeL.do?menuNo=101010100010","2026-07-08"
"1114015100","서울특별시","중구","을지로5가","서울특별시 중구 을지로5가","https://www.code.go.kr/stdcode/regCodeL.do?menuNo=101010100010","2026-07-08"
"1114015200","서울특별시","중구","주교동","서울특별시 중구 주교동","https://www.code.go.kr/stdcode/regCodeL.do?menuNo=101010100010","2026-07-08"
"1114015300","서울특별시","중구","방산동","서울특별시 중구 방산동","https://www.code.go.kr/stdcode/regCodeL.do?menuNo=101010100010","2026-07-08"
"1114015400","서울특별시","중구","오장동","서울특별시 중구 오장동","https://www.code.go.kr/stdcode/regCodeL.do?menuNo=101010100010","2026-07-08"
"1114015500","서울특별시","중구","을지로3가","서울특별시 중구 을지로3가","https://www.code.go.kr/stdcode/regCodeL.do?menuNo=101010100010","2026-07-08"
"1114015600","서울특별시","중구","입정동","서울특별시 중구 입정동","https://www.code.go.kr/stdcode/regCodeL.do?menuNo=101010100010","2026-07-08"
"1114015700","서울특별시","중구","산림동","서울특별시 중구 산림동","https://www.code.go.kr/stdcode/regCodeL.do?menuNo=101010100010","2026-07-08"
"1114015800","서울특별시","중구","충무로3가","서울특별시 중구 충무로3가","https://www.code.go.kr/stdcode/regCodeL.do?menuNo=101010100010","2026-07-08"
"1114015900","서울특별시","중구","초동","서울특별시 중구 초동","https://www.code.go.kr/stdcode/regCodeL.do?menuNo=101010100010","2026-07-08"
"1114016000","서울특별시","중구","인현동1가","서울특별시 중구 인현동1가","https://www.code.go.kr/stdcode/regCodeL.do?menuNo=101010100010","2026-07-08"
"1114016100","서울특별시","중구","저동2가","서울특별시 중구 저동2가","https://www.code.go.kr/stdcode/regCodeL.do?menuNo=101010100010","2026-07-08"
"1114016200","서울특별시","중구","신당동","서울특별시 중구 신당동","https://www.code.go.kr/stdcode/regCodeL.do?menuNo=101010100010","2026-07-08"
"1114016300","서울특별시","중구","흥인동","서울특별시 중구 흥인동","https://www.code.go.kr/stdcode/regCodeL.do?menuNo=101010100010","2026-07-08"
"1114016400","서울특별시","중구","무학동","서울특별시 중구 무학동","https://www.code.go.kr/stdcode/regCodeL.do?menuNo=101010100010","2026-07-08"
"1114016500","서울특별시","중구","황학동","서울특별시 중구 황학동","https://www.code.go.kr/stdcode/regCodeL.do?menuNo=101010100010","2026-07-08"
"1114016600","서울특별시","중구","서소문동","서울특별시 중구 서소문동","https://www.code.go.kr/stdcode/regCodeL.do?menuNo=101010100010","2026-07-08"
"1114016700","서울특별시","중구","정동","서울특별시 중구 정동","https://www.code.go.kr/stdcode/regCodeL.do?menuNo=101010100010","2026-07-08"
"1114016800","서울특별시","중구","순화동","서울특별시 중구 순화동","https://www.code.go.kr/stdcode/regCodeL.do?menuNo=101010100010","2026-07-08"
"1114016900","서울특별시","중구","의주로1가","서울특별시 중구 의주로1가","https://www.code.go.kr/stdcode/regCodeL.do?menuNo=101010100010","2026-07-08"
"1114017000","서울특별시","중구","충정로1가","서울특별시 중구 충정로1가","https://www.code.go.kr/stdcode/regCodeL.do?menuNo=101010100010","2026-07-08"
"1114017100","서울특별시","중구","중림동","서울특별시 중구 중림동","https://www.code.go.kr/stdcode/regCodeL.do?menuNo=101010100010","2026-07-08"
"1114017200","서울특별시","중구","의주로2가","서울특별시 중구 의주로2가","https://www.code.go.kr/stdcode/regCodeL.do?menuNo=101010100010","2026-07-08"
"1114017300","서울특별시","중구","만리동1가","서울특별시 중구 만리동1가","https://www.code.go.kr/stdcode/regCodeL.do?menuNo=101010100010","2026-07-08"
"1114017400","서울특별시","중구","만리동2가","서울특별시 중구 만리동2가","https://www.code.go.kr/stdcode/regCodeL.do?menuNo=101010100010","2026-07-08"
"1117010100","서울특별시","용산구","후암동","서울특별시 용산구 후암동","https://www.code.go.kr/stdcode/regCodeL.do?menuNo=101010100010","2026-07-08"
"1117010200","서울특별시","용산구","용산동2가","서울특별시 용산구 용산동2가","https://www.code.go.kr/stdcode/regCodeL.do?menuNo=101010100010","2026-07-08"
"1117010300","서울특별시","용산구","용산동4가","서울특별시 용산구 용산동4가","https://www.code.go.kr/stdcode/regCodeL.do?menuNo=101010100010","2026-07-08"
"1117010400","서울특별시","용산구","갈월동","서울특별시 용산구 갈월동","https://www.code.go.kr/stdcode/regCodeL.do?menuNo=101010100010","2026-07-08"
"1117010500","서울특별시","용산구","남영동","서울특별시 용산구 남영동","https://www.code.go.kr/stdcode/regCodeL.do?menuNo=101010100010","2026-07-08"
"1117010600","서울특별시","용산구","용산동1가","서울특별시 용산구 용산동1가","https://www.code.go.kr/stdcode/regCodeL.do?menuNo=101010100010","2026-07-08"
"1117010700","서울특별시","용산구","동자동","서울특별시 용산구 동자동","https://www.code.go.kr/stdcode/regCodeL.do?menuNo=101010100010","2026-07-08"
"1117010800","서울특별시","용산구","서계동","서울특별시 용산구 서계동","https://www.code.go.kr/stdcode/regCodeL.do?menuNo=101010100010","2026-07-08"
"1117010900","서울특별시","용산구","청파동1가","서울특별시 용산구 청파동1가","https://www.code.go.kr/stdcode/regCodeL.do?menuNo=101010100010","2026-07-08"
"1117011000","서울특별시","용산구","청파동2가","서울특별시 용산구 청파동2가","https://www.code.go.kr/stdcode/regCodeL.do?menuNo=101010100010","2026-07-08"
"1117011100","서울특별시","용산구","청파동3가","서울특별시 용산구 청파동3가","https://www.code.go.kr/stdcode/regCodeL.do?menuNo=101010100010","2026-07-08"
"1117011200","서울특별시","용산구","원효로1가","서울특별시 용산구 원효로1가","https://www.code.go.kr/stdcode/regCodeL.do?menuNo=101010100010","2026-07-08"
"1117011300","서울특별시","용산구","원효로2가","서울특별시 용산구 원효로2가","https://www.code.go.kr/stdcode/regCodeL.do?menuNo=101010100010","2026-07-08"
"1117011400","서울특별시","용산구","신창동","서울특별시 용산구 신창동","https://www.code.go.kr/stdcode/regCodeL.do?menuNo=101010100010","2026-07-08"
"1117011500","서울특별시","용산구","산천동","서울특별시 용산구 산천동","https://www.code.go.kr/stdcode/regCodeL.do?menuNo=101010100010","2026-07-08"
"1117011600","서울특별시","용산구","청암동","서울특별시 용산구 청암동","https://www.code.go.kr/stdcode/regCodeL.do?menuNo=101010100010","2026-07-08"
"1117011700","서울특별시","용산구","원효로3가","서울특별시 용산구 원효로3가","https://www.code.go.kr/stdcode/regCodeL.do?menuNo=101010100010","2026-07-08"
"1117011800","서울특별시","용산구","원효로4가","서울특별시 용산구 원효로4가","https://www.code.go.kr/stdcode/regCodeL.do?menuNo=101010100010","2026-07-08"
"1117011900","서울특별시","용산구","효창동","서울특별시 용산구 효창동","https://www.code.go.kr/stdcode/regCodeL.do?menuNo=101010100010","2026-07-08"
"1117012000","서울특별시","용산구","도원동","서울특별시 용산구 도원동","https://www.code.go.kr/stdcode/regCodeL.do?menuNo=101010100010","2026-07-08"
"1117012100","서울특별시","용산구","용문동","서울특별시 용산구 용문동","https://www.code.go.kr/stdcode/regCodeL.do?menuNo=101010100010","2026-07-08"
"1117012200","서울특별시","용산구","문배동","서울특별시 용산구 문배동","https://www.code.go.kr/stdcode/regCodeL.do?menuNo=101010100010","2026-07-08"
"1117012300","서울특별시","용산구","신계동","서울특별시 용산구 신계동","https://www.code.go.kr/stdcode/regCodeL.do?menuNo=101010100010","2026-07-08"
"1117012400","서울특별시","용산구","한강로1가","서울특별시 용산구 한강로1가","https://www.code.go.kr/stdcode/regCodeL.do?menuNo=101010100010","2026-07-08"
"1117012500","서울특별시","용산구","한강로2가","서울특별시 용산구 한강로2가","https://www.code.go.kr/stdcode/regCodeL.do?menuNo=101010100010","2026-07-08"
"1117012600","서울특별시","용산구","용산동3가","서울특별시 용산구 용산동3가","https://www.code.go.kr/stdcode/regCodeL.do?menuNo=101010100010","2026-07-08"
"1117012700","서울특별시","용산구","용산동5가","서울특별시 용산구 용산동5가","https://www.code.go.kr/stdcode/regCodeL.do?menuNo=101010100010","2026-07-08"
"1117012800","서울특별시","용산구","한강로3가","서울특별시 용산구 한강로3가","https://www.code.go.kr/stdcode/regCodeL.do?menuNo=101010100010","2026-07-08"
"1117012900","서울특별시","용산구","이촌동","서울특별시 용산구 이촌동","https://www.code.go.kr/stdcode/regCodeL.do?menuNo=101010100010","2026-07-08"
"1117013000","서울특별시","용산구","이태원동","서울특별시 용산구 이태원동","https://www.code.go.kr/stdcode/regCodeL.do?menuNo=101010100010","2026-07-08"
"1117013100","서울특별시","용산구","한남동","서울특별시 용산구 한남동","https://www.code.go.kr/stdcode/regCodeL.do?menuNo=101010100010","2026-07-08"
"1117013200","서울특별시","용산구","동빙고동","서울특별시 용산구 동빙고동","https://www.code.go.kr/stdcode/regCodeL.do?menuNo=101010100010","2026-07-08"
"1117013300","서울특별시","용산구","서빙고동","서울특별시 용산구 서빙고동","https://www.code.go.kr/stdcode/regCodeL.do?menuNo=101010100010","2026-07-08"
"1117013400","서울특별시","용산구","주성동","서울특별시 용산구 주성동","https://www.code.go.kr/stdcode/regCodeL.do?menuNo=101010100010","2026-07-08"
"1117013500","서울특별시","용산구","용산동6가","서울특별시 용산구 용산동6가","https://www.code.go.kr/stdcode/regCodeL.do?menuNo=101010100010","2026-07-08"
"1117013600","서울특별시","용산구","보광동","서울특별시 용산구 보광동","https://www.code.go.kr/stdcode/regCodeL.do?menuNo=101010100010","2026-07-08"
"1120010100","서울특별시","성동구","상왕십리동","서울특별시 성동구 상왕십리동","https://www.code.go.kr/stdcode/regCodeL.do?menuNo=101010100010","2026-07-08"
"1120010200","서울특별시","성동구","하왕십리동","서울특별시 성동구 하왕십리동","https://www.code.go.kr/stdcode/regCodeL.do?menuNo=101010100010","2026-07-08"
"1120010300","서울특별시","성동구","홍익동","서울특별시 성동구 홍익동","https://www.code.go.kr/stdcode/regCodeL.do?menuNo=101010100010","2026-07-08"
"1120010400","서울특별시","성동구","도선동","서울특별시 성동구 도선동","https://www.code.go.kr/stdcode/regCodeL.do?menuNo=101010100010","2026-07-08"
"1120010500","서울특별시","성동구","마장동","서울특별시 성동구 마장동","https://www.code.go.kr/stdcode/regCodeL.do?menuNo=101010100010","2026-07-08"
"1120010600","서울특별시","성동구","사근동","서울특별시 성동구 사근동","https://www.code.go.kr/stdcode/regCodeL.do?menuNo=101010100010","2026-07-08"
"1120010700","서울특별시","성동구","행당동","서울특별시 성동구 행당동","https://www.code.go.kr/stdcode/regCodeL.do?menuNo=101010100010","2026-07-08"
"1120010800","서울특별시","성동구","응봉동","서울특별시 성동구 응봉동","https://www.code.go.kr/stdcode/regCodeL.do?menuNo=101010100010","2026-07-08"
"1120010900","서울특별시","성동구","금호동1가","서울특별시 성동구 금호동1가","https://www.code.go.kr/stdcode/regCodeL.do?menuNo=101010100010","2026-07-08"
"1120011000","서울특별시","성동구","금호동2가","서울특별시 성동구 금호동2가","https://www.code.go.kr/stdcode/regCodeL.do?menuNo=101010100010","2026-07-08"
"1120011100","서울특별시","성동구","금호동3가","서울특별시 성동구 금호동3가","https://www.code.go.kr/stdcode/regCodeL.do?menuNo=101010100010","2026-07-08"
"1120011200","서울특별시","성동구","금호동4가","서울특별시 성동구 금호동4가","https://www.code.go.kr/stdcode/regCodeL.do?menuNo=101010100010","2026-07-08"
"1120011300","서울특별시","성동구","옥수동","서울특별시 성동구 옥수동","https://www.code.go.kr/stdcode/regCodeL.do?menuNo=101010100010","2026-07-08"
"1120011400","서울특별시","성동구","성수동1가","서울특별시 성동구 성수동1가","https://www.code.go.kr/stdcode/regCodeL.do?menuNo=101010100010","2026-07-08"
"1120011500","서울특별시","성동구","성수동2가","서울특별시 성동구 성수동2가","https://www.code.go.kr/stdcode/regCodeL.do?menuNo=101010100010","2026-07-08"
"1120011800","서울특별시","성동구","송정동","서울특별시 성동구 송정동","https://www.code.go.kr/stdcode/regCodeL.do?menuNo=101010100010","2026-07-08"
"1120012200","서울특별시","성동구","용답동","서울특별시 성동구 용답동","https://www.code.go.kr/stdcode/regCodeL.do?menuNo=101010100010","2026-07-08"
"1121510100","서울특별시","광진구","중곡동","서울특별시 광진구 중곡동","https://www.code.go.kr/stdcode/regCodeL.do?menuNo=101010100010","2026-07-08"
"1121510200","서울특별시","광진구","능동","서울특별시 광진구 능동","https://www.code.go.kr/stdcode/regCodeL.do?menuNo=101010100010","2026-07-08"
"1121510300","서울특별시","광진구","구의동","서울특별시 광진구 구의동","https://www.code.go.kr/stdcode/regCodeL.do?menuNo=101010100010","2026-07-08"
"1121510400","서울특별시","광진구","광장동","서울특별시 광진구 광장동","https://www.code.go.kr/stdcode/regCodeL.do?menuNo=101010100010","2026-07-08"
"1121510500","서울특별시","광진구","자양동","서울특별시 광진구 자양동","https://www.code.go.kr/stdcode/regCodeL.do?menuNo=101010100010","2026-07-08"
"1121510700","서울특별시","광진구","화양동","서울특별시 광진구 화양동","https://www.code.go.kr/stdcode/regCodeL.do?menuNo=101010100010","2026-07-08"
"1121510900","서울특별시","광진구","군자동","서울특별시 광진구 군자동","https://www.code.go.kr/stdcode/regCodeL.do?menuNo=101010100010","2026-07-08"
"1123010100","서울특별시","동대문구","신설동","서울특별시 동대문구 신설동","https://www.code.go.kr/stdcode/regCodeL.do?menuNo=101010100010","2026-07-08"
"1123010200","서울특별시","동대문구","용두동","서울특별시 동대문구 용두동","https://www.code.go.kr/stdcode/regCodeL.do?menuNo=101010100010","2026-07-08"
"1123010300","서울특별시","동대문구","제기동","서울특별시 동대문구 제기동","https://www.code.go.kr/stdcode/regCodeL.do?menuNo=101010100010","2026-07-08"
"1123010400","서울특별시","동대문구","전농동","서울특별시 동대문구 전농동","https://www.code.go.kr/stdcode/regCodeL.do?menuNo=101010100010","2026-07-08"
"1123010500","서울특별시","동대문구","답십리동","서울특별시 동대문구 답십리동","https://www.code.go.kr/stdcode/regCodeL.do?menuNo=101010100010","2026-07-08"
"1123010600","서울특별시","동대문구","장안동","서울특별시 동대문구 장안동","https://www.code.go.kr/stdcode/regCodeL.do?menuNo=101010100010","2026-07-08"
"1123010700","서울특별시","동대문구","청량리동","서울특별시 동대문구 청량리동","https://www.code.go.kr/stdcode/regCodeL.do?menuNo=101010100010","2026-07-08"
"1123010800","서울특별시","동대문구","회기동","서울특별시 동대문구 회기동","https://www.code.go.kr/stdcode/regCodeL.do?menuNo=101010100010","2026-07-08"
"1123010900","서울특별시","동대문구","휘경동","서울특별시 동대문구 휘경동","https://www.code.go.kr/stdcode/regCodeL.do?menuNo=101010100010","2026-07-08"
"1123011000","서울특별시","동대문구","이문동","서울특별시 동대문구 이문동","https://www.code.go.kr/stdcode/regCodeL.do?menuNo=101010100010","2026-07-08"
"1126010100","서울특별시","중랑구","면목동","서울특별시 중랑구 면목동","https://www.code.go.kr/stdcode/regCodeL.do?menuNo=101010100010","2026-07-08"
"1126010200","서울특별시","중랑구","상봉동","서울특별시 중랑구 상봉동","https://www.code.go.kr/stdcode/regCodeL.do?menuNo=101010100010","2026-07-08"
"1126010300","서울특별시","중랑구","중화동","서울특별시 중랑구 중화동","https://www.code.go.kr/stdcode/regCodeL.do?menuNo=101010100010","2026-07-08"
"1126010400","서울특별시","중랑구","묵동","서울특별시 중랑구 묵동","https://www.code.go.kr/stdcode/regCodeL.do?menuNo=101010100010","2026-07-08"
"1126010500","서울특별시","중랑구","망우동","서울특별시 중랑구 망우동","https://www.code.go.kr/stdcode/regCodeL.do?menuNo=101010100010","2026-07-08"
"1126010600","서울특별시","중랑구","신내동","서울특별시 중랑구 신내동","https://www.code.go.kr/stdcode/regCodeL.do?menuNo=101010100010","2026-07-08"
"1129010100","서울특별시","성북구","성북동","서울특별시 성북구 성북동","https://www.code.go.kr/stdcode/regCodeL.do?menuNo=101010100010","2026-07-08"
"1129010200","서울특별시","성북구","성북동1가","서울특별시 성북구 성북동1가","https://www.code.go.kr/stdcode/regCodeL.do?menuNo=101010100010","2026-07-08"
"1129010300","서울특별시","성북구","돈암동","서울특별시 성북구 돈암동","https://www.code.go.kr/stdcode/regCodeL.do?menuNo=101010100010","2026-07-08"
"1129010400","서울특별시","성북구","동소문동1가","서울특별시 성북구 동소문동1가","https://www.code.go.kr/stdcode/regCodeL.do?menuNo=101010100010","2026-07-08"
"1129010500","서울특별시","성북구","동소문동2가","서울특별시 성북구 동소문동2가","https://www.code.go.kr/stdcode/regCodeL.do?menuNo=101010100010","2026-07-08"
"1129010600","서울특별시","성북구","동소문동3가","서울특별시 성북구 동소문동3가","https://www.code.go.kr/stdcode/regCodeL.do?menuNo=101010100010","2026-07-08"
"1129010700","서울특별시","성북구","동소문동4가","서울특별시 성북구 동소문동4가","https://www.code.go.kr/stdcode/regCodeL.do?menuNo=101010100010","2026-07-08"
"1129010800","서울특별시","성북구","동소문동5가","서울특별시 성북구 동소문동5가","https://www.code.go.kr/stdcode/regCodeL.do?menuNo=101010100010","2026-07-08"
"1129010900","서울특별시","성북구","동소문동6가","서울특별시 성북구 동소문동6가","https://www.code.go.kr/stdcode/regCodeL.do?menuNo=101010100010","2026-07-08"
"1129011000","서울특별시","성북구","동소문동7가","서울특별시 성북구 동소문동7가","https://www.code.go.kr/stdcode/regCodeL.do?menuNo=101010100010","2026-07-08"
"1129011100","서울특별시","성북구","삼선동1가","서울특별시 성북구 삼선동1가","https://www.code.go.kr/stdcode/regCodeL.do?menuNo=101010100010","2026-07-08"
"1129011200","서울특별시","성북구","삼선동2가","서울특별시 성북구 삼선동2가","https://www.code.go.kr/stdcode/regCodeL.do?menuNo=101010100010","2026-07-08"
"1129011300","서울특별시","성북구","삼선동3가","서울특별시 성북구 삼선동3가","https://www.code.go.kr/stdcode/regCodeL.do?menuNo=101010100010","2026-07-08"
"1129011400","서울특별시","성북구","삼선동4가","서울특별시 성북구 삼선동4가","https://www.code.go.kr/stdcode/regCodeL.do?menuNo=101010100010","2026-07-08"
"1129011500","서울특별시","성북구","삼선동5가","서울특별시 성북구 삼선동5가","https://www.code.go.kr/stdcode/regCodeL.do?menuNo=101010100010","2026-07-08"
"1129011600","서울특별시","성북구","동선동1가","서울특별시 성북구 동선동1가","https://www.code.go.kr/stdcode/regCodeL.do?menuNo=101010100010","2026-07-08"
"1129011700","서울특별시","성북구","동선동2가","서울특별시 성북구 동선동2가","https://www.code.go.kr/stdcode/regCodeL.do?menuNo=101010100010","2026-07-08"
"1129011800","서울특별시","성북구","동선동3가","서울특별시 성북구 동선동3가","https://www.code.go.kr/stdcode/regCodeL.do?menuNo=101010100010","2026-07-08"
"1129011900","서울특별시","성북구","동선동4가","서울특별시 성북구 동선동4가","https://www.code.go.kr/stdcode/regCodeL.do?menuNo=101010100010","2026-07-08"
"1129012000","서울특별시","성북구","동선동5가","서울특별시 성북구 동선동5가","https://www.code.go.kr/stdcode/regCodeL.do?menuNo=101010100010","2026-07-08"
"1129012100","서울특별시","성북구","안암동1가","서울특별시 성북구 안암동1가","https://www.code.go.kr/stdcode/regCodeL.do?menuNo=101010100010","2026-07-08"
"1129012200","서울특별시","성북구","안암동2가","서울특별시 성북구 안암동2가","https://www.code.go.kr/stdcode/regCodeL.do?menuNo=101010100010","2026-07-08"
"1129012300","서울특별시","성북구","안암동3가","서울특별시 성북구 안암동3가","https://www.code.go.kr/stdcode/regCodeL.do?menuNo=101010100010","2026-07-08"
"1129012400","서울특별시","성북구","안암동4가","서울특별시 성북구 안암동4가","https://www.code.go.kr/stdcode/regCodeL.do?menuNo=101010100010","2026-07-08"
"1129012500","서울특별시","성북구","안암동5가","서울특별시 성북구 안암동5가","https://www.code.go.kr/stdcode/regCodeL.do?menuNo=101010100010","2026-07-08"
"1129012600","서울특별시","성북구","보문동4가","서울특별시 성북구 보문동4가","https://www.code.go.kr/stdcode/regCodeL.do?menuNo=101010100010","2026-07-08"
"1129012700","서울특별시","성북구","보문동5가","서울특별시 성북구 보문동5가","https://www.code.go.kr/stdcode/regCodeL.do?menuNo=101010100010","2026-07-08"
"1129012800","서울특별시","성북구","보문동6가","서울특별시 성북구 보문동6가","https://www.code.go.kr/stdcode/regCodeL.do?menuNo=101010100010","2026-07-08"
"1129012900","서울특별시","성북구","보문동7가","서울특별시 성북구 보문동7가","https://www.code.go.kr/stdcode/regCodeL.do?menuNo=101010100010","2026-07-08"
"1129013000","서울특별시","성북구","보문동1가","서울특별시 성북구 보문동1가","https://www.code.go.kr/stdcode/regCodeL.do?menuNo=101010100010","2026-07-08"
"1129013100","서울특별시","성북구","보문동2가","서울특별시 성북구 보문동2가","https://www.code.go.kr/stdcode/regCodeL.do?menuNo=101010100010","2026-07-08"
"1129013200","서울특별시","성북구","보문동3가","서울특별시 성북구 보문동3가","https://www.code.go.kr/stdcode/regCodeL.do?menuNo=101010100010","2026-07-08"
"1129013300","서울특별시","성북구","정릉동","서울특별시 성북구 정릉동","https://www.code.go.kr/stdcode/regCodeL.do?menuNo=101010100010","2026-07-08"
"1129013400","서울특별시","성북구","길음동","서울특별시 성북구 길음동","https://www.code.go.kr/stdcode/regCodeL.do?menuNo=101010100010","2026-07-08"
"1129013500","서울특별시","성북구","종암동","서울특별시 성북구 종암동","https://www.code.go.kr/stdcode/regCodeL.do?menuNo=101010100010","2026-07-08"
"1129013600","서울특별시","성북구","하월곡동","서울특별시 성북구 하월곡동","https://www.code.go.kr/stdcode/regCodeL.do?menuNo=101010100010","2026-07-08"
"1129013700","서울특별시","성북구","상월곡동","서울특별시 성북구 상월곡동","https://www.code.go.kr/stdcode/regCodeL.do?menuNo=101010100010","2026-07-08"
"1129013800","서울특별시","성북구","장위동","서울특별시 성북구 장위동","https://www.code.go.kr/stdcode/regCodeL.do?menuNo=101010100010","2026-07-08"
"1129013900","서울특별시","성북구","석관동","서울특별시 성북구 석관동","https://www.code.go.kr/stdcode/regCodeL.do?menuNo=101010100010","2026-07-08"
"1130510100","서울특별시","강북구","미아동","서울특별시 강북구 미아동","https://www.code.go.kr/stdcode/regCodeL.do?menuNo=101010100010","2026-07-08"
"1130510200","서울특별시","강북구","번동","서울특별시 강북구 번동","https://www.code.go.kr/stdcode/regCodeL.do?menuNo=101010100010","2026-07-08"
"1130510300","서울특별시","강북구","수유동","서울특별시 강북구 수유동","https://www.code.go.kr/stdcode/regCodeL.do?menuNo=101010100010","2026-07-08"
"1130510400","서울특별시","강북구","우이동","서울특별시 강북구 우이동","https://www.code.go.kr/stdcode/regCodeL.do?menuNo=101010100010","2026-07-08"
"1132010500","서울특별시","도봉구","쌍문동","서울특별시 도봉구 쌍문동","https://www.code.go.kr/stdcode/regCodeL.do?menuNo=101010100010","2026-07-08"
"1132010600","서울특별시","도봉구","방학동","서울특별시 도봉구 방학동","https://www.code.go.kr/stdcode/regCodeL.do?menuNo=101010100010","2026-07-08"
"1132010700","서울특별시","도봉구","창동","서울특별시 도봉구 창동","https://www.code.go.kr/stdcode/regCodeL.do?menuNo=101010100010","2026-07-08"
"1132010800","서울특별시","도봉구","도봉동","서울특별시 도봉구 도봉동","https://www.code.go.kr/stdcode/regCodeL.do?menuNo=101010100010","2026-07-08"
"1135010200","서울특별시","노원구","월계동","서울특별시 노원구 월계동","https://www.code.go.kr/stdcode/regCodeL.do?menuNo=101010100010","2026-07-08"
"1135010300","서울특별시","노원구","공릉동","서울특별시 노원구 공릉동","https://www.code.go.kr/stdcode/regCodeL.do?menuNo=101010100010","2026-07-08"
"1135010400","서울특별시","노원구","하계동","서울특별시 노원구 하계동","https://www.code.go.kr/stdcode/regCodeL.do?menuNo=101010100010","2026-07-08"
"1135010500","서울특별시","노원구","상계동","서울특별시 노원구 상계동","https://www.code.go.kr/stdcode/regCodeL.do?menuNo=101010100010","2026-07-08"
"1135010600","서울특별시","노원구","중계동","서울특별시 노원구 중계동","https://www.code.go.kr/stdcode/regCodeL.do?menuNo=101010100010","2026-07-08"
"1138010100","서울특별시","은평구","수색동","서울특별시 은평구 수색동","https://www.code.go.kr/stdcode/regCodeL.do?menuNo=101010100010","2026-07-08"
"1138010200","서울특별시","은평구","녹번동","서울특별시 은평구 녹번동","https://www.code.go.kr/stdcode/regCodeL.do?menuNo=101010100010","2026-07-08"
"1138010300","서울특별시","은평구","불광동","서울특별시 은평구 불광동","https://www.code.go.kr/stdcode/regCodeL.do?menuNo=101010100010","2026-07-08"
"1138010400","서울특별시","은평구","갈현동","서울특별시 은평구 갈현동","https://www.code.go.kr/stdcode/regCodeL.do?menuNo=101010100010","2026-07-08"
"1138010500","서울특별시","은평구","구산동","서울특별시 은평구 구산동","https://www.code.go.kr/stdcode/regCodeL.do?menuNo=101010100010","2026-07-08"
"1138010600","서울특별시","은평구","대조동","서울특별시 은평구 대조동","https://www.code.go.kr/stdcode/regCodeL.do?menuNo=101010100010","2026-07-08"
"1138010700","서울특별시","은평구","응암동","서울특별시 은평구 응암동","https://www.code.go.kr/stdcode/regCodeL.do?menuNo=101010100010","2026-07-08"
"1138010800","서울특별시","은평구","역촌동","서울특별시 은평구 역촌동","https://www.code.go.kr/stdcode/regCodeL.do?menuNo=101010100010","2026-07-08"
"1138010900","서울특별시","은평구","신사동","서울특별시 은평구 신사동","https://www.code.go.kr/stdcode/regCodeL.do?menuNo=101010100010","2026-07-08"
"1138011000","서울특별시","은평구","증산동","서울특별시 은평구 증산동","https://www.code.go.kr/stdcode/regCodeL.do?menuNo=101010100010","2026-07-08"
"1138011400","서울특별시","은평구","진관동","서울특별시 은평구 진관동","https://www.code.go.kr/stdcode/regCodeL.do?menuNo=101010100010","2026-07-08"
"1141010100","서울특별시","서대문구","충정로2가","서울특별시 서대문구 충정로2가","https://www.code.go.kr/stdcode/regCodeL.do?menuNo=101010100010","2026-07-08"
"1141010200","서울특별시","서대문구","충정로3가","서울특별시 서대문구 충정로3가","https://www.code.go.kr/stdcode/regCodeL.do?menuNo=101010100010","2026-07-08"
"1141010300","서울특별시","서대문구","합동","서울특별시 서대문구 합동","https://www.code.go.kr/stdcode/regCodeL.do?menuNo=101010100010","2026-07-08"
"1141010400","서울특별시","서대문구","미근동","서울특별시 서대문구 미근동","https://www.code.go.kr/stdcode/regCodeL.do?menuNo=101010100010","2026-07-08"
"1141010500","서울특별시","서대문구","냉천동","서울특별시 서대문구 냉천동","https://www.code.go.kr/stdcode/regCodeL.do?menuNo=101010100010","2026-07-08"
"1141010600","서울특별시","서대문구","천연동","서울특별시 서대문구 천연동","https://www.code.go.kr/stdcode/regCodeL.do?menuNo=101010100010","2026-07-08"
"1141010700","서울특별시","서대문구","옥천동","서울특별시 서대문구 옥천동","https://www.code.go.kr/stdcode/regCodeL.do?menuNo=101010100010","2026-07-08"
"1141010800","서울특별시","서대문구","영천동","서울특별시 서대문구 영천동","https://www.code.go.kr/stdcode/regCodeL.do?menuNo=101010100010","2026-07-08"
"1141010900","서울특별시","서대문구","현저동","서울특별시 서대문구 현저동","https://www.code.go.kr/stdcode/regCodeL.do?menuNo=101010100010","2026-07-08"
"1141011000","서울특별시","서대문구","북아현동","서울특별시 서대문구 북아현동","https://www.code.go.kr/stdcode/regCodeL.do?menuNo=101010100010","2026-07-08"
"1141011100","서울특별시","서대문구","홍제동","서울특별시 서대문구 홍제동","https://www.code.go.kr/stdcode/regCodeL.do?menuNo=101010100010","2026-07-08"
"1141011200","서울특별시","서대문구","대현동","서울특별시 서대문구 대현동","https://www.code.go.kr/stdcode/regCodeL.do?menuNo=101010100010","2026-07-08"
"1141011300","서울특별시","서대문구","대신동","서울특별시 서대문구 대신동","https://www.code.go.kr/stdcode/regCodeL.do?menuNo=101010100010","2026-07-08"
"1141011400","서울특별시","서대문구","신촌동","서울특별시 서대문구 신촌동","https://www.code.go.kr/stdcode/regCodeL.do?menuNo=101010100010","2026-07-08"
"1141011500","서울특별시","서대문구","봉원동","서울특별시 서대문구 봉원동","https://www.code.go.kr/stdcode/regCodeL.do?menuNo=101010100010","2026-07-08"
"1141011600","서울특별시","서대문구","창천동","서울특별시 서대문구 창천동","https://www.code.go.kr/stdcode/regCodeL.do?menuNo=101010100010","2026-07-08"
"1141011700","서울특별시","서대문구","연희동","서울특별시 서대문구 연희동","https://www.code.go.kr/stdcode/regCodeL.do?menuNo=101010100010","2026-07-08"
"1141011800","서울특별시","서대문구","홍은동","서울특별시 서대문구 홍은동","https://www.code.go.kr/stdcode/regCodeL.do?menuNo=101010100010","2026-07-08"
"1141011900","서울특별시","서대문구","북가좌동","서울특별시 서대문구 북가좌동","https://www.code.go.kr/stdcode/regCodeL.do?menuNo=101010100010","2026-07-08"
"1141012000","서울특별시","서대문구","남가좌동","서울특별시 서대문구 남가좌동","https://www.code.go.kr/stdcode/regCodeL.do?menuNo=101010100010","2026-07-08"
"1144010100","서울특별시","마포구","아현동","서울특별시 마포구 아현동","https://www.code.go.kr/stdcode/regCodeL.do?menuNo=101010100010","2026-07-08"
"1144010200","서울특별시","마포구","공덕동","서울특별시 마포구 공덕동","https://www.code.go.kr/stdcode/regCodeL.do?menuNo=101010100010","2026-07-08"
"1144010300","서울특별시","마포구","신공덕동","서울특별시 마포구 신공덕동","https://www.code.go.kr/stdcode/regCodeL.do?menuNo=101010100010","2026-07-08"
"1144010400","서울특별시","마포구","도화동","서울특별시 마포구 도화동","https://www.code.go.kr/stdcode/regCodeL.do?menuNo=101010100010","2026-07-08"
"1144010500","서울특별시","마포구","용강동","서울특별시 마포구 용강동","https://www.code.go.kr/stdcode/regCodeL.do?menuNo=101010100010","2026-07-08"
"1144010600","서울특별시","마포구","토정동","서울특별시 마포구 토정동","https://www.code.go.kr/stdcode/regCodeL.do?menuNo=101010100010","2026-07-08"
"1144010700","서울특별시","마포구","마포동","서울특별시 마포구 마포동","https://www.code.go.kr/stdcode/regCodeL.do?menuNo=101010100010","2026-07-08"
"1144010800","서울특별시","마포구","대흥동","서울특별시 마포구 대흥동","https://www.code.go.kr/stdcode/regCodeL.do?menuNo=101010100010","2026-07-08"
"1144010900","서울특별시","마포구","염리동","서울특별시 마포구 염리동","https://www.code.go.kr/stdcode/regCodeL.do?menuNo=101010100010","2026-07-08"
"1144011000","서울특별시","마포구","노고산동","서울특별시 마포구 노고산동","https://www.code.go.kr/stdcode/regCodeL.do?menuNo=101010100010","2026-07-08"
"1144011100","서울특별시","마포구","신수동","서울특별시 마포구 신수동","https://www.code.go.kr/stdcode/regCodeL.do?menuNo=101010100010","2026-07-08"
"1144011200","서울특별시","마포구","현석동","서울특별시 마포구 현석동","https://www.code.go.kr/stdcode/regCodeL.do?menuNo=101010100010","2026-07-08"
"1144011300","서울특별시","마포구","구수동","서울특별시 마포구 구수동","https://www.code.go.kr/stdcode/regCodeL.do?menuNo=101010100010","2026-07-08"
"1144011400","서울특별시","마포구","창전동","서울특별시 마포구 창전동","https://www.code.go.kr/stdcode/regCodeL.do?menuNo=101010100010","2026-07-08"
"1144011500","서울특별시","마포구","상수동","서울특별시 마포구 상수동","https://www.code.go.kr/stdcode/regCodeL.do?menuNo=101010100010","2026-07-08"
"1144011600","서울특별시","마포구","하중동","서울특별시 마포구 하중동","https://www.code.go.kr/stdcode/regCodeL.do?menuNo=101010100010","2026-07-08"
"1144011700","서울특별시","마포구","신정동","서울특별시 마포구 신정동","https://www.code.go.kr/stdcode/regCodeL.do?menuNo=101010100010","2026-07-08"
"1144011800","서울특별시","마포구","당인동","서울특별시 마포구 당인동","https://www.code.go.kr/stdcode/regCodeL.do?menuNo=101010100010","2026-07-08"
"1144012000","서울특별시","마포구","서교동","서울특별시 마포구 서교동","https://www.code.go.kr/stdcode/regCodeL.do?menuNo=101010100010","2026-07-08"
"1144012100","서울특별시","마포구","동교동","서울특별시 마포구 동교동","https://www.code.go.kr/stdcode/regCodeL.do?menuNo=101010100010","2026-07-08"
"1144012200","서울특별시","마포구","합정동","서울특별시 마포구 합정동","https://www.code.go.kr/stdcode/regCodeL.do?menuNo=101010100010","2026-07-08"
"1144012300","서울특별시","마포구","망원동","서울특별시 마포구 망원동","https://www.code.go.kr/stdcode/regCodeL.do?menuNo=101010100010","2026-07-08"
"1144012400","서울특별시","마포구","연남동","서울특별시 마포구 연남동","https://www.code.go.kr/stdcode/regCodeL.do?menuNo=101010100010","2026-07-08"
"1144012500","서울특별시","마포구","성산동","서울특별시 마포구 성산동","https://www.code.go.kr/stdcode/regCodeL.do?menuNo=101010100010","2026-07-08"
"1144012600","서울특별시","마포구","중동","서울특별시 마포구 중동","https://www.code.go.kr/stdcode/regCodeL.do?menuNo=101010100010","2026-07-08"
"1144012700","서울특별시","마포구","상암동","서울특별시 마포구 상암동","https://www.code.go.kr/stdcode/regCodeL.do?menuNo=101010100010","2026-07-08"
"1147010100","서울특별시","양천구","신정동","서울특별시 양천구 신정동","https://www.code.go.kr/stdcode/regCodeL.do?menuNo=101010100010","2026-07-08"
"1147010200","서울특별시","양천구","목동","서울특별시 양천구 목동","https://www.code.go.kr/stdcode/regCodeL.do?menuNo=101010100010","2026-07-08"
"1147010300","서울특별시","양천구","신월동","서울특별시 양천구 신월동","https://www.code.go.kr/stdcode/regCodeL.do?menuNo=101010100010","2026-07-08"
"1150010100","서울특별시","강서구","염창동","서울특별시 강서구 염창동","https://www.code.go.kr/stdcode/regCodeL.do?menuNo=101010100010","2026-07-08"
"1150010200","서울특별시","강서구","등촌동","서울특별시 강서구 등촌동","https://www.code.go.kr/stdcode/regCodeL.do?menuNo=101010100010","2026-07-08"
"1150010300","서울특별시","강서구","화곡동","서울특별시 강서구 화곡동","https://www.code.go.kr/stdcode/regCodeL.do?menuNo=101010100010","2026-07-08"
"1150010400","서울특별시","강서구","가양동","서울특별시 강서구 가양동","https://www.code.go.kr/stdcode/regCodeL.do?menuNo=101010100010","2026-07-08"
"1150010500","서울특별시","강서구","마곡동","서울특별시 강서구 마곡동","https://www.code.go.kr/stdcode/regCodeL.do?menuNo=101010100010","2026-07-08"
"1150010600","서울특별시","강서구","내발산동","서울특별시 강서구 내발산동","https://www.code.go.kr/stdcode/regCodeL.do?menuNo=101010100010","2026-07-08"
"1150010700","서울특별시","강서구","외발산동","서울특별시 강서구 외발산동","https://www.code.go.kr/stdcode/regCodeL.do?menuNo=101010100010","2026-07-08"
"1150010800","서울특별시","강서구","공항동","서울특별시 강서구 공항동","https://www.code.go.kr/stdcode/regCodeL.do?menuNo=101010100010","2026-07-08"
"1150010900","서울특별시","강서구","방화동","서울특별시 강서구 방화동","https://www.code.go.kr/stdcode/regCodeL.do?menuNo=101010100010","2026-07-08"
"1150011000","서울특별시","강서구","개화동","서울특별시 강서구 개화동","https://www.code.go.kr/stdcode/regCodeL.do?menuNo=101010100010","2026-07-08"
"1150011100","서울특별시","강서구","과해동","서울특별시 강서구 과해동","https://www.code.go.kr/stdcode/regCodeL.do?menuNo=101010100010","2026-07-08"
"1150011200","서울특별시","강서구","오곡동","서울특별시 강서구 오곡동","https://www.code.go.kr/stdcode/regCodeL.do?menuNo=101010100010","2026-07-08"
"1150011300","서울특별시","강서구","오쇠동","서울특별시 강서구 오쇠동","https://www.code.go.kr/stdcode/regCodeL.do?menuNo=101010100010","2026-07-08"
"1153010100","서울특별시","구로구","신도림동","서울특별시 구로구 신도림동","https://www.code.go.kr/stdcode/regCodeL.do?menuNo=101010100010","2026-07-08"
"1153010200","서울특별시","구로구","구로동","서울특별시 구로구 구로동","https://www.code.go.kr/stdcode/regCodeL.do?menuNo=101010100010","2026-07-08"
"1153010300","서울특별시","구로구","가리봉동","서울특별시 구로구 가리봉동","https://www.code.go.kr/stdcode/regCodeL.do?menuNo=101010100010","2026-07-08"
"1153010600","서울특별시","구로구","고척동","서울특별시 구로구 고척동","https://www.code.go.kr/stdcode/regCodeL.do?menuNo=101010100010","2026-07-08"
"1153010700","서울특별시","구로구","개봉동","서울특별시 구로구 개봉동","https://www.code.go.kr/stdcode/regCodeL.do?menuNo=101010100010","2026-07-08"
"1153010800","서울특별시","구로구","오류동","서울특별시 구로구 오류동","https://www.code.go.kr/stdcode/regCodeL.do?menuNo=101010100010","2026-07-08"
"1153010900","서울특별시","구로구","궁동","서울특별시 구로구 궁동","https://www.code.go.kr/stdcode/regCodeL.do?menuNo=101010100010","2026-07-08"
"1153011000","서울특별시","구로구","온수동","서울특별시 구로구 온수동","https://www.code.go.kr/stdcode/regCodeL.do?menuNo=101010100010","2026-07-08"
"1153011100","서울특별시","구로구","천왕동","서울특별시 구로구 천왕동","https://www.code.go.kr/stdcode/regCodeL.do?menuNo=101010100010","2026-07-08"
"1153011200","서울특별시","구로구","항동","서울특별시 구로구 항동","https://www.code.go.kr/stdcode/regCodeL.do?menuNo=101010100010","2026-07-08"
"1154510100","서울특별시","금천구","가산동","서울특별시 금천구 가산동","https://www.code.go.kr/stdcode/regCodeL.do?menuNo=101010100010","2026-07-08"
"1154510200","서울특별시","금천구","독산동","서울특별시 금천구 독산동","https://www.code.go.kr/stdcode/regCodeL.do?menuNo=101010100010","2026-07-08"
"1154510300","서울특별시","금천구","시흥동","서울특별시 금천구 시흥동","https://www.code.go.kr/stdcode/regCodeL.do?menuNo=101010100010","2026-07-08"
"1156010100","서울특별시","영등포구","영등포동","서울특별시 영등포구 영등포동","https://www.code.go.kr/stdcode/regCodeL.do?menuNo=101010100010","2026-07-08"
"1156010200","서울특별시","영등포구","영등포동1가","서울특별시 영등포구 영등포동1가","https://www.code.go.kr/stdcode/regCodeL.do?menuNo=101010100010","2026-07-08"
"1156010300","서울특별시","영등포구","영등포동2가","서울특별시 영등포구 영등포동2가","https://www.code.go.kr/stdcode/regCodeL.do?menuNo=101010100010","2026-07-08"
"1156010400","서울특별시","영등포구","영등포동3가","서울특별시 영등포구 영등포동3가","https://www.code.go.kr/stdcode/regCodeL.do?menuNo=101010100010","2026-07-08"
"1156010500","서울특별시","영등포구","영등포동4가","서울특별시 영등포구 영등포동4가","https://www.code.go.kr/stdcode/regCodeL.do?menuNo=101010100010","2026-07-08"
"1156010600","서울특별시","영등포구","영등포동5가","서울특별시 영등포구 영등포동5가","https://www.code.go.kr/stdcode/regCodeL.do?menuNo=101010100010","2026-07-08"
"1156010700","서울특별시","영등포구","영등포동6가","서울특별시 영등포구 영등포동6가","https://www.code.go.kr/stdcode/regCodeL.do?menuNo=101010100010","2026-07-08"
"1156010800","서울특별시","영등포구","영등포동7가","서울특별시 영등포구 영등포동7가","https://www.code.go.kr/stdcode/regCodeL.do?menuNo=101010100010","2026-07-08"
"1156010900","서울특별시","영등포구","영등포동8가","서울특별시 영등포구 영등포동8가","https://www.code.go.kr/stdcode/regCodeL.do?menuNo=101010100010","2026-07-08"
"1156011000","서울특별시","영등포구","여의도동","서울특별시 영등포구 여의도동","https://www.code.go.kr/stdcode/regCodeL.do?menuNo=101010100010","2026-07-08"
"1156011100","서울특별시","영등포구","당산동1가","서울특별시 영등포구 당산동1가","https://www.code.go.kr/stdcode/regCodeL.do?menuNo=101010100010","2026-07-08"
"1156011200","서울특별시","영등포구","당산동2가","서울특별시 영등포구 당산동2가","https://www.code.go.kr/stdcode/regCodeL.do?menuNo=101010100010","2026-07-08"
"1156011300","서울특별시","영등포구","당산동3가","서울특별시 영등포구 당산동3가","https://www.code.go.kr/stdcode/regCodeL.do?menuNo=101010100010","2026-07-08"
"1156011400","서울특별시","영등포구","당산동4가","서울특별시 영등포구 당산동4가","https://www.code.go.kr/stdcode/regCodeL.do?menuNo=101010100010","2026-07-08"
"1156011500","서울특별시","영등포구","당산동5가","서울특별시 영등포구 당산동5가","https://www.code.go.kr/stdcode/regCodeL.do?menuNo=101010100010","2026-07-08"
"1156011600","서울특별시","영등포구","당산동6가","서울특별시 영등포구 당산동6가","https://www.code.go.kr/stdcode/regCodeL.do?menuNo=101010100010","2026-07-08"
"1156011700","서울특별시","영등포구","당산동","서울특별시 영등포구 당산동","https://www.code.go.kr/stdcode/regCodeL.do?menuNo=101010100010","2026-07-08"
"1156011800","서울특별시","영등포구","도림동","서울특별시 영등포구 도림동","https://www.code.go.kr/stdcode/regCodeL.do?menuNo=101010100010","2026-07-08"
"1156011900","서울특별시","영등포구","문래동1가","서울특별시 영등포구 문래동1가","https://www.code.go.kr/stdcode/regCodeL.do?menuNo=101010100010","2026-07-08"
"1156012000","서울특별시","영등포구","문래동2가","서울특별시 영등포구 문래동2가","https://www.code.go.kr/stdcode/regCodeL.do?menuNo=101010100010","2026-07-08"
"1156012100","서울특별시","영등포구","문래동3가","서울특별시 영등포구 문래동3가","https://www.code.go.kr/stdcode/regCodeL.do?menuNo=101010100010","2026-07-08"
"1156012200","서울특별시","영등포구","문래동4가","서울특별시 영등포구 문래동4가","https://www.code.go.kr/stdcode/regCodeL.do?menuNo=101010100010","2026-07-08"
"1156012300","서울특별시","영등포구","문래동5가","서울특별시 영등포구 문래동5가","https://www.code.go.kr/stdcode/regCodeL.do?menuNo=101010100010","2026-07-08"
"1156012400","서울특별시","영등포구","문래동6가","서울특별시 영등포구 문래동6가","https://www.code.go.kr/stdcode/regCodeL.do?menuNo=101010100010","2026-07-08"
"1156012500","서울특별시","영등포구","양평동1가","서울특별시 영등포구 양평동1가","https://www.code.go.kr/stdcode/regCodeL.do?menuNo=101010100010","2026-07-08"
"1156012600","서울특별시","영등포구","양평동2가","서울특별시 영등포구 양평동2가","https://www.code.go.kr/stdcode/regCodeL.do?menuNo=101010100010","2026-07-08"
"1156012700","서울특별시","영등포구","양평동3가","서울특별시 영등포구 양평동3가","https://www.code.go.kr/stdcode/regCodeL.do?menuNo=101010100010","2026-07-08"
"1156012800","서울특별시","영등포구","양평동4가","서울특별시 영등포구 양평동4가","https://www.code.go.kr/stdcode/regCodeL.do?menuNo=101010100010","2026-07-08"
"1156012900","서울특별시","영등포구","양평동5가","서울특별시 영등포구 양평동5가","https://www.code.go.kr/stdcode/regCodeL.do?menuNo=101010100010","2026-07-08"
"1156013000","서울특별시","영등포구","양평동6가","서울특별시 영등포구 양평동6가","https://www.code.go.kr/stdcode/regCodeL.do?menuNo=101010100010","2026-07-08"
"1156013100","서울특별시","영등포구","양화동","서울특별시 영등포구 양화동","https://www.code.go.kr/stdcode/regCodeL.do?menuNo=101010100010","2026-07-08"
"1156013200","서울특별시","영등포구","신길동","서울특별시 영등포구 신길동","https://www.code.go.kr/stdcode/regCodeL.do?menuNo=101010100010","2026-07-08"
"1156013300","서울특별시","영등포구","대림동","서울특별시 영등포구 대림동","https://www.code.go.kr/stdcode/regCodeL.do?menuNo=101010100010","2026-07-08"
"1156013400","서울특별시","영등포구","양평동","서울특별시 영등포구 양평동","https://www.code.go.kr/stdcode/regCodeL.do?menuNo=101010100010","2026-07-08"
"1159010100","서울특별시","동작구","노량진동","서울특별시 동작구 노량진동","https://www.code.go.kr/stdcode/regCodeL.do?menuNo=101010100010","2026-07-08"
"1159010200","서울특별시","동작구","상도동","서울특별시 동작구 상도동","https://www.code.go.kr/stdcode/regCodeL.do?menuNo=101010100010","2026-07-08"
"1159010300","서울특별시","동작구","상도1동","서울특별시 동작구 상도1동","https://www.code.go.kr/stdcode/regCodeL.do?menuNo=101010100010","2026-07-08"
"1159010400","서울특별시","동작구","본동","서울특별시 동작구 본동","https://www.code.go.kr/stdcode/regCodeL.do?menuNo=101010100010","2026-07-08"
"1159010500","서울특별시","동작구","흑석동","서울특별시 동작구 흑석동","https://www.code.go.kr/stdcode/regCodeL.do?menuNo=101010100010","2026-07-08"
"1159010600","서울특별시","동작구","동작동","서울특별시 동작구 동작동","https://www.code.go.kr/stdcode/regCodeL.do?menuNo=101010100010","2026-07-08"
"1159010700","서울특별시","동작구","사당동","서울특별시 동작구 사당동","https://www.code.go.kr/stdcode/regCodeL.do?menuNo=101010100010","2026-07-08"
"1159010800","서울특별시","동작구","대방동","서울특별시 동작구 대방동","https://www.code.go.kr/stdcode/regCodeL.do?menuNo=101010100010","2026-07-08"
"1159010900","서울특별시","동작구","신대방동","서울특별시 동작구 신대방동","https://www.code.go.kr/stdcode/regCodeL.do?menuNo=101010100010","2026-07-08"
"1162010100","서울특별시","관악구","봉천동","서울특별시 관악구 봉천동","https://www.code.go.kr/stdcode/regCodeL.do?menuNo=101010100010","2026-07-08"
"1162010200","서울특별시","관악구","신림동","서울특별시 관악구 신림동","https://www.code.go.kr/stdcode/regCodeL.do?menuNo=101010100010","2026-07-08"
"1162010300","서울특별시","관악구","남현동","서울특별시 관악구 남현동","https://www.code.go.kr/stdcode/regCodeL.do?menuNo=101010100010","2026-07-08"
"1165010100","서울특별시","서초구","방배동","서울특별시 서초구 방배동","https://www.code.go.kr/stdcode/regCodeL.do?menuNo=101010100010","2026-07-08"
"1165010200","서울특별시","서초구","양재동","서울특별시 서초구 양재동","https://www.code.go.kr/stdcode/regCodeL.do?menuNo=101010100010","2026-07-08"
"1165010300","서울특별시","서초구","우면동","서울특별시 서초구 우면동","https://www.code.go.kr/stdcode/regCodeL.do?menuNo=101010100010","2026-07-08"
"1165010400","서울특별시","서초구","원지동","서울특별시 서초구 원지동","https://www.code.go.kr/stdcode/regCodeL.do?menuNo=101010100010","2026-07-08"
"1165010600","서울특별시","서초구","잠원동","서울특별시 서초구 잠원동","https://www.code.go.kr/stdcode/regCodeL.do?menuNo=101010100010","2026-07-08"
"1165010700","서울특별시","서초구","반포동","서울특별시 서초구 반포동","https://www.code.go.kr/stdcode/regCodeL.do?menuNo=101010100010","2026-07-08"
"1165010800","서울특별시","서초구","서초동","서울특별시 서초구 서초동","https://www.code.go.kr/stdcode/regCodeL.do?menuNo=101010100010","2026-07-08"
"1165010900","서울특별시","서초구","내곡동","서울특별시 서초구 내곡동","https://www.code.go.kr/stdcode/regCodeL.do?menuNo=101010100010","2026-07-08"
"1165011000","서울특별시","서초구","염곡동","서울특별시 서초구 염곡동","https://www.code.go.kr/stdcode/regCodeL.do?menuNo=101010100010","2026-07-08"
"1165011100","서울특별시","서초구","신원동","서울특별시 서초구 신원동","https://www.code.go.kr/stdcode/regCodeL.do?menuNo=101010100010","2026-07-08"
"1168010100","서울특별시","강남구","역삼동","서울특별시 강남구 역삼동","https://www.code.go.kr/stdcode/regCodeL.do?menuNo=101010100010","2026-07-08"
"1168010300","서울특별시","강남구","개포동","서울특별시 강남구 개포동","https://www.code.go.kr/stdcode/regCodeL.do?menuNo=101010100010","2026-07-08"
"1168010400","서울특별시","강남구","청담동","서울특별시 강남구 청담동","https://www.code.go.kr/stdcode/regCodeL.do?menuNo=101010100010","2026-07-08"
"1168010500","서울특별시","강남구","삼성동","서울특별시 강남구 삼성동","https://www.code.go.kr/stdcode/regCodeL.do?menuNo=101010100010","2026-07-08"
"1168010600","서울특별시","강남구","대치동","서울특별시 강남구 대치동","https://www.code.go.kr/stdcode/regCodeL.do?menuNo=101010100010","2026-07-08"
"1168010700","서울특별시","강남구","신사동","서울특별시 강남구 신사동","https://www.code.go.kr/stdcode/regCodeL.do?menuNo=101010100010","2026-07-08"
"1168010800","서울특별시","강남구","논현동","서울특별시 강남구 논현동","https://www.code.go.kr/stdcode/regCodeL.do?menuNo=101010100010","2026-07-08"
"1168011000","서울특별시","강남구","압구정동","서울특별시 강남구 압구정동","https://www.code.go.kr/stdcode/regCodeL.do?menuNo=101010100010","2026-07-08"
"1168011100","서울특별시","강남구","세곡동","서울특별시 강남구 세곡동","https://www.code.go.kr/stdcode/regCodeL.do?menuNo=101010100010","2026-07-08"
"1168011200","서울특별시","강남구","자곡동","서울특별시 강남구 자곡동","https://www.code.go.kr/stdcode/regCodeL.do?menuNo=101010100010","2026-07-08"
"1168011300","서울특별시","강남구","율현동","서울특별시 강남구 율현동","https://www.code.go.kr/stdcode/regCodeL.do?menuNo=101010100010","2026-07-08"
"1168011400","서울특별시","강남구","일원동","서울특별시 강남구 일원동","https://www.code.go.kr/stdcode/regCodeL.do?menuNo=101010100010","2026-07-08"
"1168011500","서울특별시","강남구","수서동","서울특별시 강남구 수서동","https://www.code.go.kr/stdcode/regCodeL.do?menuNo=101010100010","2026-07-08"
"1168011800","서울특별시","강남구","도곡동","서울특별시 강남구 도곡동","https://www.code.go.kr/stdcode/regCodeL.do?menuNo=101010100010","2026-07-08"
"1171010100","서울특별시","송파구","잠실동","서울특별시 송파구 잠실동","https://www.code.go.kr/stdcode/regCodeL.do?menuNo=101010100010","2026-07-08"
"1171010200","서울특별시","송파구","신천동","서울특별시 송파구 신천동","https://www.code.go.kr/stdcode/regCodeL.do?menuNo=101010100010","2026-07-08"
"1171010300","서울특별시","송파구","풍납동","서울특별시 송파구 풍납동","https://www.code.go.kr/stdcode/regCodeL.do?menuNo=101010100010","2026-07-08"
"1171010400","서울특별시","송파구","송파동","서울특별시 송파구 송파동","https://www.code.go.kr/stdcode/regCodeL.do?menuNo=101010100010","2026-07-08"
"1171010500","서울특별시","송파구","석촌동","서울특별시 송파구 석촌동","https://www.code.go.kr/stdcode/regCodeL.do?menuNo=101010100010","2026-07-08"
"1171010600","서울특별시","송파구","삼전동","서울특별시 송파구 삼전동","https://www.code.go.kr/stdcode/regCodeL.do?menuNo=101010100010","2026-07-08"
"1171010700","서울특별시","송파구","가락동","서울특별시 송파구 가락동","https://www.code.go.kr/stdcode/regCodeL.do?menuNo=101010100010","2026-07-08"
"1171010800","서울특별시","송파구","문정동","서울특별시 송파구 문정동","https://www.code.go.kr/stdcode/regCodeL.do?menuNo=101010100010","2026-07-08"
"1171010900","서울특별시","송파구","장지동","서울특별시 송파구 장지동","https://www.code.go.kr/stdcode/regCodeL.do?menuNo=101010100010","2026-07-08"
"1171011100","서울특별시","송파구","방이동","서울특별시 송파구 방이동","https://www.code.go.kr/stdcode/regCodeL.do?menuNo=101010100010","2026-07-08"
"1171011200","서울특별시","송파구","오금동","서울특별시 송파구 오금동","https://www.code.go.kr/stdcode/regCodeL.do?menuNo=101010100010","2026-07-08"
"1171011300","서울특별시","송파구","거여동","서울특별시 송파구 거여동","https://www.code.go.kr/stdcode/regCodeL.do?menuNo=101010100010","2026-07-08"
"1171011400","서울특별시","송파구","마천동","서울특별시 송파구 마천동","https://www.code.go.kr/stdcode/regCodeL.do?menuNo=101010100010","2026-07-08"
"1174010100","서울특별시","강동구","명일동","서울특별시 강동구 명일동","https://www.code.go.kr/stdcode/regCodeL.do?menuNo=101010100010","2026-07-08"
"1174010200","서울특별시","강동구","고덕동","서울특별시 강동구 고덕동","https://www.code.go.kr/stdcode/regCodeL.do?menuNo=101010100010","2026-07-08"
"1174010300","서울특별시","강동구","상일동","서울특별시 강동구 상일동","https://www.code.go.kr/stdcode/regCodeL.do?menuNo=101010100010","2026-07-08"
"1174010500","서울특별시","강동구","길동","서울특별시 강동구 길동","https://www.code.go.kr/stdcode/regCodeL.do?menuNo=101010100010","2026-07-08"
"1174010600","서울특별시","강동구","둔촌동","서울특별시 강동구 둔촌동","https://www.code.go.kr/stdcode/regCodeL.do?menuNo=101010100010","2026-07-08"
"1174010700","서울특별시","강동구","암사동","서울특별시 강동구 암사동","https://www.code.go.kr/stdcode/regCodeL.do?menuNo=101010100010","2026-07-08"
"1174010800","서울특별시","강동구","성내동","서울특별시 강동구 성내동","https://www.code.go.kr/stdcode/regCodeL.do?menuNo=101010100010","2026-07-08"
"1174010900","서울특별시","강동구","천호동","서울특별시 강동구 천호동","https://www.code.go.kr/stdcode/regCodeL.do?menuNo=101010100010","2026-07-08"
"1174011000","서울특별시","강동구","강일동","서울특별시 강동구 강일동","https://www.code.go.kr/stdcode/regCodeL.do?menuNo=101010100010","2026-07-08"
